Date,Strategy_LSTM_Opt,Baseline_EqualWeight
2018-09-05,-0.0015671125994581648,-0.00674802532269334
2018-09-06,-0.0036226212054284008,-4.932000504897558e-05
2018-09-07,0.002230834006741356,0.0013891527695976793
2018-09-10,0.0016046264718883488,0.00010170466584314722
2018-09-11,0.0036600965804562072,0.0033765119704296078
2018-09-12,0.002945384594174039,0.0033419927444262323
2018-09-13,0.005992279161807934,0.003317573033638564
2018-09-14,-0.0012088263500056764,-0.003043334637640918
2018-09-17,-0.004961595918333117,-0.006662458206334156
2018-09-18,0.009608837599752817,0.008680521718995174
2018-09-19,-0.0009702260606655246,-0.002664245319167922
2018-09-20,0.0017703573260638098,0.00517923308952149
2018-09-21,-0.0005293089000387057,0.0006087364504629631
2018-09-24,0.0017347859215220756,0.003983947071184062
2018-09-25,0.0029830053968463942,0.001218052198232549
2018-09-26,0.0033091726333059233,0.002727509938749542
2018-09-27,0.003328212960005406,0.0034607732814981957
2018-09-28,0.0004507808046629425,0.000633514311817187
2018-10-02,0.005204894521232406,0.0021248204642906796
2018-10-03,-0.0014621218880454202,0.0008375730705103271
2018-10-04,-0.00930824690217378,-0.007963287858006414
2018-10-05,-0.009198951261652866,-0.0090894661853254
2018-10-08,0.004255304266721182,-4.883732346764204e-05
2018-10-09,0.00078970864154555,-0.006287865791598532
2018-10-10,-0.02732388744555885,-0.03279904905397992
2018-10-11,-0.02528150720832003,-0.020440514902733214
2018-10-12,0.015463665032161567,0.013644452430334195
2018-10-15,-0.000318231062091723,-0.004048678966428709
2018-10-16,0.02429378940269418,0.019769741507020294
2018-10-17,0.0032283027690729335,0.0005033425966190152
2018-10-18,-0.013759196714717748,-0.01865980222305697
2018-10-19,-0.01245552848563998,-0.004694331176640188
2018-10-22,-0.006873289836633401,-0.011587555546874037
2018-10-23,-0.0075364055395339856,-0.008676668033721094
2018-10-24,-0.027552840411945122,-0.03426705028382162
2018-10-25,0.022826879774703105,0.0207711187625033
2018-10-26,-0.020595207439011578,-0.01419252205558415
2018-10-29,-0.006132036801688213,-0.007176959842654811
2018-10-30,0.029218321657372395,0.01727724943983114
2018-10-31,-0.0022894056427988476,0.00908627288084172
2018-11-02,-0.016365631177467855,-0.00784115068771645
2018-11-05,0.00358574709012407,0.004701159981666146
2018-11-06,-0.0008347536935269908,0.006601669696220285
2018-11-07,0.0309857659556986,0.027049537864690838
2018-11-08,-0.00765841794770108,-0.0036624446109486957
2018-11-09,-0.016816199643563005,-0.008692803226147724
2018-11-12,-0.03190780233992488,-0.02046993301322714
2018-11-13,0.004683679139927177,-0.000134835331274592
2018-11-14,-0.01344269710577659,-0.010232107586564005
2018-11-15,0.010002538551528639,0.006265977969913524
2018-11-16,-0.021987332766779177,-0.0017282769271803132
2018-11-19,-0.05015483210251073,-0.025979474731602923
2018-11-20,-0.009141417688649156,-0.01978023063157196
2018-11-21,0.0033536524845670483,0.00259671227971536
2018-11-23,-0.004970127471928221,-0.0026085253317016895
2018-11-26,0.020635585869785422,0.01478205606767016
2018-11-27,0.007217589017345439,0.005222027494337089
2018-11-28,0.04834634718466952,0.03323659466920331
2018-11-29,-0.0012067088728081384,0.00152965824890379
2018-11-30,0.007321519533149146,0.005341237215132523
2018-12-04,-0.03755896118790703,-0.032447889322528005
2018-12-06,0.00040424242380516064,0.0006943862010764074
2018-12-07,-0.018787192846886628,-0.02702425664789402
2018-12-10,0.010002902971298943,0.00469954339657037
2018-12-11,0.006972967016132019,0.0028241169106410367
2018-12-12,0.010699396158273908,0.00953448059378847
2018-12-13,0.004903253903560029,-0.000772420946781484
2018-12-14,-0.02217441180884029,-0.024343024872992954
2018-12-17,-0.023977991184658556,-0.020545510047871193
2018-12-18,-0.0023505630017922013,-0.002745022995232394
2018-12-19,-0.019282419191036133,-0.01632282507441854
2018-12-20,-0.025162461921395485,-0.019245763460853608
2018-12-21,-0.01642709242284495,-0.02075698892695962
2018-12-24,-0.03160928846991126,-0.02392353750745338
2018-12-26,0.05872910243729245,0.053006792894978214
2018-12-27,0.007692260535618595,0.008430611634478028
2018-12-28,0.0017895978953706576,-0.00010027724781422863
2018-12-31,0.007605934324780742,0.00973949825115709
2019-01-03,-0.022006869270124893,-0.029303711623355575
2019-01-04,0.021357794334034185,0.03349829824630051
2019-01-07,0.012038831108717028,0.011249201799593343
2019-01-08,0.011349901911207601,0.009314274272499874
2019-01-09,0.007511529067248244,0.002945111113009912
2019-01-10,0.009359523525875666,0.0054843646727651355
2019-01-11,-0.0026165998448844253,0.000265238821093067
2019-01-14,-0.009646296573905137,-0.007142412719907479
2019-01-15,0.010816588550296486,0.01146893228416895
2019-01-16,-0.0028450330544458643,-0.00242155179486235
2019-01-17,0.0058429044426432965,0.008463771612432947
2019-01-18,0.009247228840912534,0.012942335652351119
2019-01-22,-0.000403077351943679,-0.012696909361712659
2019-01-23,0.0023613554604783827,0.0016986626513481934
2019-01-24,-0.002188911561353957,-0.0003119327332629773
2019-01-25,0.006862570585634187,0.006967841149806361
2019-01-28,-0.0028245532966959443,-0.01216350896615377
2019-01-29,0.00043431552705071276,0.001814772182587361
2019-01-30,0.01284973014830007,0.015903610707966392
2019-01-31,0.0063143734412168355,0.009826259605414356
2019-02-04,0.007607065714983305,0.006312823142603993
2019-02-05,0.002212258745769846,0.0025496868002901503
2019-02-06,0.0019077571818236978,0.0024360951694987246
2019-02-07,0.005101138443004581,-0.007974642053608818
2019-02-08,0.0010026166699745897,0.0019590718465108486
2019-02-11,0.003955471989494069,0.000973090367856697
2019-02-12,0.007671248406100485,0.010802854338716037
2019-02-13,0.0016439687371585,0.001767623531112763
2019-02-14,0.002960162790246793,0.001065081979226464
2019-02-15,0.01181945832038961,0.01150076691489262
2019-02-19,0.001916013029901204,-0.00021749092371141444
2019-02-20,-0.000329894450362559,0.0010920634421876913
2019-02-21,-0.0010511814082376303,-0.005655688781234521
2019-02-22,0.006031489504837188,0.00644656401299318
2019-02-25,0.0069019408850045216,0.0019180171426946622
2019-02-26,0.0013537656349930354,-1.540581235539483e-05
2019-02-27,-0.0003409262904053205,-0.0042797685608633815
2019-02-28,0.002598423941929402,-0.0008372541103303843
2019-03-04,-0.0017046063262589179,-0.004680140674310701
2019-03-05,0.0014778547986594162,-0.0002674684923677584
2019-03-06,-0.0065270686903505905,-0.008428681271655377
2019-03-07,-0.009680738363491247,-0.009911642992970045
2019-03-08,0.004009283156459684,-0.002861257494219041
2019-03-11,0.016613090907412538,0.012777031198573947
2019-03-12,0.005939086399811457,0.0019752418049461375
2019-03-13,0.007223333779639826,0.007405834404506583
2019-03-14,-0.00663319367120455,-0.0027058821916463977
2019-03-15,0.003078878749782644,0.006219809364063684
2019-03-18,0.0127822877979521,0.003975289746626911
2019-03-19,0.002290030905089985,0.003915494151937795
2019-03-20,-0.005061192509715101,-0.006354881060634016
2019-03-21,0.014605879103472878,0.0051523072975179175
2019-03-22,-0.015384152150209641,-0.020240751576995626
2019-03-25,-0.001144416381311876,-0.00029822774200029864
2019-03-26,0.006916420493500478,0.004989121705404006
2019-03-27,-0.00039354908865429157,-0.004696238822122677
2019-03-28,0.006078820942072411,0.0049778738938800705
2019-03-29,0.007842998360090541,0.008295862367590246
2019-04-02,-0.0019631710887464604,-0.00022689904493563363
2019-04-03,0.002613205842733308,0.003255933955478274
2019-04-04,0.007254562198489176,0.0016026445112909916
2019-04-05,0.005201563944939274,0.004577351541156908
2019-04-08,0.0033913144861017043,0.002129560505521515
2019-04-09,-0.007244283692072886,-0.0061894310552636205
2019-04-10,0.004297450250587031,0.005143250953239992
2019-04-11,0.0015789986477759703,0.001338716183534441
2019-04-12,0.008597111119684425,0.008693594907923968
2019-04-15,0.0010367172895523957,0.00011100166108882548
2019-04-16,0.001738884497768612,0.0017102864460554511
2019-04-17,0.002138539268819192,-0.0016846675935737342
2019-04-18,0.0017889403822976804,0.0014840090921362666
2019-04-22,-4.526917008927417e-05,-0.0018059383912608863
2019-04-23,0.011991822364553975,0.009348784351650194
2019-04-24,0.0012182036997252493,-0.000691854394210756
2019-04-25,-0.009396191414265847,-0.0027099675542684933
2019-04-26,0.011041490213368152,0.005397634895947658
2019-04-29,0.003978765003989783,0.002063289849990655
2019-04-30,-0.009255026346502424,0.0014518296406229605
2019-05-02,0.008974184810955231,-0.0016593376481113253
2019-05-03,0.004555105400482635,0.008472225548213265
2019-05-06,-0.000863248308030038,-0.0056683930223218795
2019-05-07,-0.01834693500458364,-0.018020224048532575
2019-05-08,0.0018168265261421703,-0.0019503489180777089
2019-05-09,0.0004427210865370141,-0.0027851797482631134
2019-05-10,-0.000746917640804922,0.002229272405466367
2019-05-13,-0.031165479545091992,-0.029470656863864436
2019-05-14,0.014547411504251406,0.012584390166998652
2019-05-15,0.008811597731578082,0.004279961883640085
2019-05-16,0.010248141523190191,0.00984824026708472
2019-05-17,-0.0018605208075559213,-0.0071764145113489865
2019-05-20,-0.01224001512029979,-0.008498646032740304
2019-05-21,0.011136287817850535,0.010070874837897753
2019-05-22,-0.003391603394626502,-0.0037141266135924294
2019-05-23,-0.012050669176812922,-0.013364118574411636
2019-05-24,0.0009991799106169083,0.002499213490708517
2019-05-28,0.001896938551240842,-0.004635759545403363
2019-05-29,-0.015977218009651618,-0.00854497923593377
2019-05-30,0.01058436155482654,0.007300354604415601
2019-05-31,-0.009356045525523476,-0.01277301981217308
2019-06-04,0.018918901164337414,0.01864778967358486
2019-06-05,0.005621433082306094,0.005906270762093418
2019-06-06,0.01346734097570674,0.007907018882123005
2019-06-07,0.010176461100325473,0.011217403631668234
2019-06-10,0.006391308546737528,0.005431236983834692
2019-06-11,-0.00014727308915960555,-0.00041801407814159234
2019-06-12,0.0016832640283344891,-1.2431659889706385e-05
2019-06-13,0.004495158620076862,0.0050526229312265825
2019-06-14,-0.003203514197059692,-0.002945171853100246
2019-06-17,-0.0005027769248909023,0.0018339348169022886
2019-06-18,0.007431674764115908,0.010626622010109691
2019-06-19,0.0034064672102740103,0.004104407371813685
2019-06-20,0.00447049497865742,0.008537049074682794
2019-06-21,0.0024209489488316287,-0.0015199527799877781
2019-06-24,0.0014651872054465272,-0.0025757716646560872
2019-06-25,-0.0044590264140706905,-0.011564320492874924
2019-06-26,-0.00231346966488586,-5.647018534173559e-05
2019-06-27,0.005150003380032528,0.003240961690997597
2019-06-28,-0.0005185653592774523,0.0034010752525128955
2019-07-02,-0.009856466607208698,-0.003273020296709943
2019-07-03,0.011721589611369966,0.007915431732125468
2019-07-05,-0.001672418371128876,-0.0009327973348258066
2019-07-08,0.00016860599869167065,-0.0034570602817421544
2019-07-09,-0.0006132750693367906,-0.00042077234601614307
2019-07-10,0.014324388434026336,0.007468098139847204
2019-07-11,0.0050399164940177045,0.005532206706281288
2019-07-12,0.0058699247665893375,0.006304103627300155
2019-07-15,0.0009244891373921705,0.0011295541362121297
2019-07-16,-0.007831590305871777,-0.003827019429050566
2019-07-17,-0.0028134725024835726,-0.009564733456736998
2019-07-18,0.00676111700044195,0.00813163044239931
2019-07-19,0.0011191607494721227,-0.004534061634303211
2019-07-22,0.004957639866383454,0.004847167660549514
2019-07-23,0.00211666748738975,0.004499883841413908
2019-07-24,0.011438085661188188,0.005963885776704487
2019-07-25,-0.026635082622141922,-0.012886140197781323
2019-07-26,0.0016807759804517,0.0024091112101259173
2019-07-29,-0.0015108159912290242,0.0007120412473297709
2019-07-30,-0.004581475549085253,-0.0009524444679707951
2019-07-31,-0.004358371010264985,-0.011155556218600876
2019-08-02,-0.011975290158390989,-0.009163749200783656
2019-08-05,-0.03347120671650364,-0.03243941717418167
2019-08-06,0.004581620457989195,0.01284834422310934
2019-08-07,0.0021670382901893943,-0.0016160320935033178
2019-08-08,0.014310413252416275,0.022347144762721892
2019-08-09,-0.0024064620273565453,-0.004917735652593385
2019-08-12,0.0002602075893008624,-0.01287859387896481
2019-08-13,0.02429981616064286,0.016243324856542295
2019-08-14,-0.027828001543871286,-0.031902587265667436
2019-08-15,0.0006935080346900427,0.0004522229099919847
2019-08-16,0.016523934304105443,0.015857296569116414
2019-08-19,0.01281148678680042,0.010879311354836102
2019-08-20,-0.007830790431715197,-0.009172814411611227
2019-08-21,0.011666610598018773,0.008218119657245988
2019-08-22,-0.00025985269375144657,-0.0004366886693788919
2019-08-23,-0.023670531392271498,-0.02776590563481342
2019-08-26,0.013719191856312561,0.01295305501086987
2019-08-27,-0.013725617049194356,-0.0034271685963801726
2019-08-28,0.0073422728859691665,0.008309157441342693
2019-08-29,0.01239168558017558,0.015096859537844676
2019-08-30,0.007561002740065003,0.0015950324194102322
2019-09-04,0.016708470512769708,0.01168984278445035
2019-09-05,0.014728124479588798,0.009990823975570726
2019-09-06,0.0061609210143772795,0.004023018200135731
2019-09-09,0.004015536698242687,-0.001578158612019495
2019-09-10,0.012404734543050107,0.0008062470987031277
2019-09-11,0.005191427058561016,0.005773681726494767
2019-09-12,-0.0028370616002349196,0.0011069725170721626
2019-09-13,0.0016953871223938915,0.00028789806133386754
2019-09-16,-0.003945357621918974,-0.0026326464222471875
2019-09-17,0.0045294278428113476,0.00435924475958231
2019-09-18,-0.016041508997578106,-0.0031971677665436444
2019-09-19,0.0032261064826597974,0.0009177074016687169
2019-09-20,-0.004740980249735013,-0.004434995784150832
2019-09-23,-0.0015230079435545193,-0.0006275882852085704
2019-09-24,-0.012845165122470695,-0.008216160183056442
2019-09-25,-0.001390744998096685,-0.0003517249750291348
2019-09-26,-0.005455769153906633,-0.004813207059184001
2019-09-27,-0.002410244614498027,-0.004945853909705618
2019-09-30,0.006697260679265902,0.008224370738050041
2019-10-02,-0.01907500990327185,-0.019066811185331264
2019-10-03,0.007465110302144069,0.006206938142568114
2019-10-04,0.013629464680654091,0.013277514513651547
2019-10-07,-0.00840847416051011,-0.004181435155675156
2019-10-08,-0.012046959869204388,-0.01477008328789074
2019-10-09,0.008079633673313541,0.009122843503699695
2019-10-10,0.004404722216379948,0.002689078610139874
2019-10-11,0.013461855193371832,0.01044883508384846
2019-10-14,-0.0006499011251256434,-0.0013073991778333764
2019-10-15,0.01679038128451672,0.010254009885894847
2019-10-16,-0.006039932556303115,-0.0025057691327351472
2019-10-17,0.003659139414656271,0.004677242221684247
2019-10-18,-0.0017823717508316495,-0.004489288482888062
2019-10-21,0.0017562526382248807,0.004110753289043847
2019-10-22,-0.005277516758440683,-0.001680226628412052
2019-10-23,-0.00019830113224462206,0.00017704501052260993
2019-10-24,0.00926096759543471,0.0016904493246999415
2019-10-25,0.007211535562630443,0.004990429083502148
2019-10-28,0.007358969733395162,0.005216642420296699
2019-10-29,-0.00782781304449829,-0.002997237798681834
2019-10-30,0.005751073955560354,0.005599666006630516
2019-10-31,-0.0033215240816476628,-0.00262178051778991
2019-11-04,0.011681776891304773,0.004417793026806581
2019-11-05,0.0020489366206864453,0.0020350933457053398
2019-11-06,0.0069647593997536296,0.0030195558709227915
2019-11-07,0.006575366991847976,-0.00499222854038883
2019-11-08,0.006132525971816918,0.005467927400821197
2019-11-11,-0.00458872367787411,-0.002657528368959693
2019-11-12,0.0010156453436541378,2.0198033568062757e-05
2019-11-13,-0.0015170443269687218,-0.00015222683323970807
2019-11-14,-0.003445558267116117,0.0007401429343800155
2019-11-15,0.02824761529648424,0.011624647985982485
2019-11-18,0.0007479092322795179,-8.062183474785744e-06
2019-11-19,0.0004658849035304045,-0.00020178327502643487
2019-11-20,-0.004957360088665236,-0.004576471140524207
2019-11-21,-0.0010888290484657257,-0.0012562091004706144
2019-11-22,0.004209460694263253,0.002046138717605818
2019-11-25,0.014934686960409815,0.00916450701442711
2019-11-26,-0.023112002253734578,-0.004260031911226903
2019-11-27,4.903176654336638e-05,0.0032389879994952414
2019-11-29,-0.0048038340171789725,-0.004231081798350613
2019-12-03,-0.0072141484380526585,-0.007914855576389952
2019-12-04,0.0019513415550550313,0.00521797066891407
2019-12-05,0.004991532466374427,0.002323855234943978
2019-12-06,0.011709838905077952,0.00988325596887503
2019-12-09,-0.004412167220943885,-0.003158524041275287
2019-12-10,-0.002037623182790549,-0.0004165125662086627
2019-12-11,0.010947354539169887,0.0029426097833424487
2019-12-12,0.01426369179812279,0.012618484283819002
2019-12-13,-0.002926089883979444,8.158943175518039e-05
2019-12-16,0.010394811385331739,0.005064407271449348
2019-12-17,0.005115880016817709,0.0024772097670318245
2019-12-18,-0.0016778286626975003,-0.000218222167465839
2019-12-19,0.0037179404048309104,0.0044551616665954395
2019-12-20,0.005634655104958508,0.004333359735808446
2019-12-23,0.0003637986076530541,-0.0008562000157685054
2019-12-24,0.0009363669642477479,0.0005843934516871952
2019-12-26,0.0057211170193108615,0.004108956799674133
2019-12-27,-0.0020539811681445476,-0.0008217960529978526
2019-12-30,-0.008488620409795235,-0.006074583833970177
2019-12-31,0.0031059603465893207,0.002538298881472112
2020-01-03,-0.005032333630721767,-0.007502918180304089
2020-01-06,0.00681568541810639,0.001930195107879051
2020-01-07,0.005891709532261302,0.0009650248476168351
2020-01-08,0.010904701063246352,0.004581074708976874
2020-01-09,0.000978328825724108,0.004890011333907751
2020-01-10,-0.0019740998074750963,-0.0033587439047112404
2020-01-13,0.018281747876864117,0.008261079408192394
2020-01-14,-0.0010204219397544558,0.0007141224609707736
2020-01-15,-0.0031350093906112072,-0.000587817397306559
2020-01-16,0.009049951526891524,0.008014439268280056
2020-01-17,0.008668063841777745,0.004846421720869881
2020-01-21,0.007316591319103486,-0.0008861541731873153
2020-01-22,0.006382737739477913,0.002649144772760629
2020-01-23,0.0008811671645719657,0.0009556835404008189
2020-01-24,-0.010744833376134806,-0.01255123086336047
2020-01-27,-0.02116182174285759,-0.02058378218078542
2020-01-28,0.016789207425833542,0.014243774108179785
2020-01-29,-0.0010796734129684682,-0.004656834341947262
2020-01-30,0.01233037328679344,0.003324271800975568
2020-01-31,-0.013900577488432453,-0.02104325382183731
2020-02-04,0.01706888191503822,0.01706888191503822
2020-02-05,-0.002187099493206439,-0.002187099493206439
2020-02-06,0.007676019501607155,0.007676019501607155
2020-02-07,-0.004030601732923084,-0.004030601732923084
2020-02-10,0.013172701492851447,0.013172701492851447
2020-02-11,0.003121818433692205,0.003121818433692205
2020-02-12,0.0062389392112686265,0.0062389392112686265
2020-02-13,0.0013500883488770652,0.0013500883488770652
2020-02-14,0.0017178558748304877,0.0017178558748304877
2020-02-18,0.0014604183194452422,0.0014604183194452422
2020-02-19,0.00799393121451784,0.00799393121451784
2020-02-20,-0.0076340595104011835,-0.0076340595104011835
2020-02-21,-0.012774804375841527,-0.012774804375841527
2020-02-24,-0.03524636157187924,-0.03524636157187924
2020-02-25,-0.028577358576835507,-0.028577358576835507
2020-02-26,-0.004737450116373729,-0.004737450116373729
2020-02-27,-0.05394283155175431,-0.05394283155175431
2020-02-28,-0.00927797575027032,-0.00927797575027032
2020-03-03,-0.024955152503924438,-0.02582783532543246
2020-03-04,0.0430337085136533,0.04345559898565579
2020-03-05,-0.02649641750811609,-0.03166478531630554
2020-03-06,-0.003810261753590827,-0.007843896478524848
2020-03-09,-0.04999845333270074,-0.06737701512110297
2020-03-10,0.041942259744480785,0.03843051413863545
2020-03-11,-0.037687969122060405,-0.04914127509528192
2020-03-12,-0.12051398810053418,-0.10388203789709369
2020-03-13,0.06331035302964245,0.07644949238558951
2020-03-16,-0.1533786608839971,-0.13224308043687197
2020-03-17,0.08233148506115265,0.05963770210836194
2020-03-18,-0.09193121801867729,-0.07683705264694739
2020-03-19,0.025900517773840993,0.016440805809253566
2020-03-20,-0.03798611789862134,-0.0439943619089975
2020-03-23,0.00782800944654243,-0.014613816568003707
2020-03-24,0.09177053844824476,0.0928256116647621
2020-03-25,0.011120754294437044,0.01732689800484844
2020-03-26,0.04122953921441339,0.058156252686508716
2020-03-27,-0.01890303665643305,-0.03087573460009995
2020-03-30,0.02841071303998839,0.028982214945100476
2020-03-31,-0.01636726101286499,-0.011093693552108801
2020-04-02,0.027414093395593715,0.025731847724281418
2020-04-03,-0.010023774857981579,-0.013181931630766516
2020-04-06,0.04983776579755146,0.060743471154733615
2020-04-07,-0.002365330770890183,-0.008235764450545463
2020-04-08,0.02113110571004517,0.03039779984777151
2020-04-09,0.008027908516675545,0.007214733310445238
2020-04-13,0.012908720931061206,-0.0032877058609575493
2020-04-14,0.03568938645685928,0.0348238880555639
2020-04-15,-0.007654495318355387,-0.015779619349147258
2020-04-16,0.026137375333024168,0.02025534281308153
2020-04-17,0.015069256856187744,0.01764361670106245
2020-04-20,0.0013651817709972396,-0.008535839937141746
2020-04-21,-0.02280455234078186,-0.03313890677632999
2020-04-22,0.023873055701105598,0.02396863225231392
2020-04-23,-0.001149674094921433,-0.0011172572119366071
2020-04-24,0.014487363457370804,0.014405631105057088
2020-04-27,0.0023374248859106732,0.010167390681729022
2020-04-28,-0.020079256715612562,-0.01634096897027287
2020-04-29,0.0052636589088798915,0.01721753409442652
2020-04-30,-0.0011630968003298098,-0.005151557332215348
2020-05-04,0.009175169717432246,0.004756914353510355
2020-05-05,0.014824209235822441,0.010964471522663307
2020-05-06,-0.005413200912684752,-0.008447934083322178
2020-05-07,0.002022536026340229,0.011657945288270933
2020-05-08,0.00989418295869314,0.014900308328274452
2020-05-11,0.015829877031373875,0.005497510996966116
2020-05-12,-0.005917548564944872,-0.017897937743961766
2020-05-13,-0.009448399481715136,-0.01717617805284341
2020-05-14,0.0075902698445631306,0.00947712782830939
2020-05-15,0.010580940584626592,0.006493722558075384
2020-05-18,0.008742188938973517,0.025525901297747424
2020-05-19,0.0012206536572410675,-0.007137838131308413
2020-05-20,-0.0038737686800362253,0.012031240460812677
2020-05-21,-0.0065033622365110256,-0.00726874094049042
2020-05-22,0.0052530649122848085,0.005516492881214719
2020-05-26,-0.006528864865809292,0.00874173296649725
2020-05-27,0.007843745568804277,0.013241167694853052
2020-05-28,0.006753228875952705,0.003056731806616115
2020-05-29,0.012847246791689216,0.010057499319718612
2020-06-02,0.018053091630962553,0.014708639893478054
2020-06-03,0.012415731138013728,0.022108433555017508
2020-06-04,0.001150080239652746,0.006907146307003496
2020-06-05,0.02870278561815244,0.03219967217881326
2020-06-08,0.025965298583079062,0.018900681208537592
2020-06-09,-0.0169746784089802,-0.0163846513662731
2020-06-10,-0.018875149130854217,-0.01848956637619046
2020-06-11,-0.06056492616911112,-0.07403109529129381
2020-06-12,0.010540449410647822,0.02213303387361977
2020-06-15,0.01579802543847636,0.011383509544060163
2020-06-16,0.019851414526995362,0.019703886183531017
2020-06-17,-0.009864412885498258,-0.008244045192964719
2020-06-18,0.0053464785834816545,0.0013104533765782638
2020-06-19,-0.009129173552597437,-0.007827592213136867
2020-06-22,0.004795394795633578,0.003928274773645522
2020-06-23,-0.001748913342820605,0.004724261155097504
2020-06-24,-0.03051643946588845,-0.03336172890418606
2020-06-25,0.016734554783488422,0.017114745525505928
2020-06-26,-0.022025044268573584,-0.027738838623442105
2020-06-29,0.017595964348261786,0.01920024892216002
2020-06-30,0.014669409572857535,0.015081689819495718
2020-07-02,0.004206959521410794,0.004960173864036924
2020-07-06,0.015408023751650866,0.014538515460152219
2020-07-07,-0.003225535678950591,-0.009778375818939714
2020-07-08,0.003961385273848077,0.004499431174862451
2020-07-09,0.005283120895762169,-0.0014817011580675829
2020-07-10,0.0038645828687295207,0.0047636366184670015
2020-07-13,-0.012991442628302931,-0.00883086841134106
2020-07-14,0.014588940949340013,0.01667367282847566
2020-07-15,0.0030179581564441487,0.008899445656402492
2020-07-16,-0.002454965632580759,-0.0021911935459372066
2020-07-17,0.005005735074514212,0.006455223460826682
2020-07-20,0.01287306444448011,0.0052348112295748615
2020-07-21,-0.005904525559875714,-7.690707066608984e-05
2020-07-22,-0.0001654297622794951,0.005771590296527175
2020-07-23,-0.006979723711973227,-0.01049675538511151
2020-07-24,-0.005868669448002123,-0.007036110062822321
2020-07-27,0.007546918425475784,0.008749866576159615
2020-07-28,-0.005270463589698066,-0.007910452049454406
2020-07-29,0.008688075281279796,0.012163796000215978
2020-07-30,-0.0003395425276864736,-0.006310585395561708
2020-07-31,0.0037420339658792053,-0.0017063851349204122
2020-08-04,0.014001958594778062,0.006745082151649039
2020-08-05,0.012328815299251837,0.006831380432678563
2020-08-06,-0.0029198214946541024,0.002022562590482033
2020-08-07,-0.0062085510390713465,-0.005422561308206261
2020-08-10,0.0019044826282727015,-0.00020766484827160398
2020-08-11,-0.02364068477065516,-0.013098084543081565
2020-08-12,0.033870734089940215,0.024476533277520356
2020-08-13,0.005229421967117751,0.002096568870312707
2020-08-14,0.0017226573368871738,-0.0011392459002724537
2020-08-17,0.019038609027367988,0.013203892832325443
2020-08-18,0.009643797806963516,0.0036653388807172827
2020-08-19,0.000912460721986681,-0.0024715354940284292
2020-08-20,0.007303305581227333,0.0036836398748603364
2020-08-21,0.003335939795815568,0.004679328954362491
2020-08-24,0.0008110459845412544,0.005892390117275356
2020-08-25,0.004433771263278112,0.005103707482606541
2020-08-26,0.01615748538316809,0.017336766138441533
2020-08-27,0.003302646954824606,-0.0043664216945498895
2020-08-28,0.005195765468346235,0.004219377891490319
2020-08-31,0.016761525289285838,0.004804118313830959
2020-09-02,0.009622963135825552,0.014176713819225107
2020-09-03,-0.040749021408816616,-0.040842618527432435
2020-09-04,0.005326686583835432,-0.00791401205786103
2020-09-08,-0.04236125249051238,-0.029117960776753916
2020-09-09,0.026954921580573932,0.024225991985228502
2020-09-10,-0.01169340603751113,-0.014923955301332437
2020-09-11,0.010345132285418893,0.0023368765392186132
2020-09-14,0.022343902228540043,0.014470221751433287
2020-09-15,0.01349273886397892,0.010261948990282056
2020-09-16,0.004446750956131331,-0.0038525662664263167
2020-09-17,-0.009659959120057229,-0.01064467276201786
2020-09-18,-0.000435577752941145,-0.00867663254784573
2020-09-21,-0.013543195122725707,-0.01143821527811635
2020-09-22,0.004244876223957038,0.01201621733135746
2020-09-23,-0.02965494977023992,-0.026033464295161186
2020-09-24,0.007569575570385792,0.002098496969095853
2020-09-25,0.01596518126435631,0.01631880950758672
2020-09-28,0.020340322747099782,0.018503130865097948
2020-09-29,-0.004795485529787583,-0.00289836431010716
2020-09-30,0.0038276612778231226,0.007034376251941411
2020-10-02,-0.007828197440600993,-0.007862618282127875
2020-10-05,0.01660813862305695,0.016084420116510234
2020-10-06,-0.01334774227546454,-0.01294423316662218
2020-10-07,0.027292719395302686,0.021909841657596994
2020-10-08,0.008908477406900317,0.011885295130783137
2020-10-09,0.010927880435113767,0.00645393126112425
2020-10-12,0.014829714207867764,0.014406168710634114
2020-10-13,0.0006271066107372766,-0.003143362473648677
2020-10-14,-0.007913744109100335,-0.007173093558269012
2020-10-15,0.0028682726555116483,0.0003085384887594344
2020-10-16,0.0008991866479165187,0.0023078855233582057
2020-10-19,-0.012058157769624711,-0.013276691256409713
2020-10-20,0.01047670524283759,0.007325504254295062
2020-10-21,-0.0028974943400405604,-0.004148653423683621
2020-10-22,0.0018200737682237728,0.01106457302536857
2020-10-23,0.003278161135578405,0.003814772573596944
2020-10-26,-0.02136655217457669,-0.025249390202568636
2020-10-27,-0.0004410104156855006,-0.008330560544955172
2020-10-28,-0.03553393559873432,-0.03578328630060894
2020-10-29,0.01534933874355238,0.016336897549636593
2020-10-30,-0.01820561155054441,-0.008816483806351545
2020-11-03,0.021449644129270827,0.020209924418134594
2020-11-04,0.011333184444891118,0.033260387377781496
2020-11-05,0.013415480173596159,0.011449768158258112
2020-11-06,0.011871681786554622,0.0007538120365146898
2020-11-09,-0.013875711017304433,0.0076762389116128696
2020-11-10,-0.004435022326604988,-0.0018858780059960124
2020-11-11,0.004615730671338222,0.0059269150597365886
2020-11-12,-0.006793518755693523,-0.008606045533804502
2020-11-13,0.01728043186639975,0.015395158234843286
2020-11-16,0.009927074592921305,0.007429685660762668
2020-11-17,-0.011474848590208116,-0.0088103094342276
2020-11-18,-0.019619888220255035,-0.014189645719205064
2020-11-19,0.008854554180588621,0.004785459265413178
2020-11-20,-0.004117157051334783,-0.006887863110400709
2020-11-23,0.007877231773621981,0.005125309451843317
2020-11-24,0.015091214999438236,0.01636942862721123
2020-11-25,0.006421904481104906,-5.730773744100717e-05
2020-11-27,0.005130098234418622,0.0051212106807512325
2020-11-30,0.00324054987604434,-0.0014847971361898796
2020-12-02,0.019774560820736004,0.019774560820736004
2020-12-03,0.02039784279920799,0.02039784279920799
2020-12-04,0.028061823273446862,0.028061823273446862
2020-12-07,-0.005329133378292402,-0.005329133378292402
2020-12-08,0.004713649001272498,0.004713649001272498
2020-12-09,-0.0054086126982560035,-0.0054086126982560035
2020-12-10,0.014371635480532568,0.014371635480532568
2020-12-11,-0.020783684742626464,-0.020783684742626464
2020-12-14,-0.015235656848376097,-0.015235656848376097
2020-12-15,0.016737242426900452,0.016737242426900452
2020-12-16,-0.004260630018761743,-0.004260630018761743
2020-12-17,0.0026018358371580363,0.0026018358371580363
2020-12-18,-0.0049307581725930895,-0.0049307581725930895
2020-12-21,-0.010972841781677308,-0.010972841781677308
2020-12-22,-0.01729960072221074,-0.01729960072221074
2020-12-23,0.019695538701097345,0.019695538701097345
2020-12-24,-0.006852300328429331,-0.006852300328429331
2020-12-28,-0.0003318711511681432,-0.0003318711511681432
2020-12-29,-0.004490875613033088,-0.004490875613033088
2020-12-30,0.020512796694832088,0.020512796694832088
2020-12-31,-0.0036357100261372585,-0.0036357100261372585
2021-01-05,0.046108553558381296,0.030123035260378822
2021-01-06,0.03563752493259357,0.02882371812700024
2021-01-07,0.01854470179685042,0.0166212042169117
2021-01-08,-0.006488584825464341,-0.004059857428375742
2021-01-11,0.012382895231006191,0.004876991027072396
2021-01-12,0.04385811202396178,0.021976144593730245
2021-01-13,-0.014037400924482486,-0.010635937438822591
2021-01-14,0.03852911434639188,0.023241082495702593
2021-01-15,-0.04539801516356547,-0.030738754543234825
2021-01-19,0.023985277501124076,0.015881804056890714
2021-01-20,-0.0034899629524388514,-0.0020321176504886815
2021-01-21,-0.020947364028671714,-0.013594887115004079
2021-01-22,-0.0020148318959381734,-0.006421207249308576
2021-01-25,-0.013403877431230653,-0.01495674737676439
2021-01-26,-0.023718549385414837,-0.015267763206472088
2021-01-27,-0.034972308282784845,-0.03572764611594731
2021-01-28,0.01916914831885112,0.022554512207599294
2021-01-29,-0.033452397736110966,-0.03057371951455212
2021-02-02,0.006147053011546777,0.01416314583816065
2021-02-03,0.007283053482577334,-0.0011989140342923855
2021-02-04,0.01272615126084554,0.007746314134867301
2021-02-05,0.014869847710051606,0.005799849556943109
2021-02-08,0.025786379018083495,0.021133440960244443
2021-02-09,-0.0032410048673918146,-0.0018733839686610031
2021-02-10,-0.0031731822359817564,-0.0035336087934999165
2021-02-11,-0.0028338701147757484,0.003194550940546642
2021-02-12,0.007540222050648219,0.008573924327696686
2021-02-16,-0.0021969152659842223,-0.001197256794481901
2021-02-17,0.006079071258718095,-0.001979735013507048
2021-02-18,-0.006548159526316318,-0.010609952458368526
2021-02-19,0.009383221981833011,0.011312212968052276
2021-02-22,-0.003739186607651635,-0.008111431528981005
2021-02-23,-0.004705697585776031,-0.006257649129662744
2021-02-24,0.015720333431789205,0.01451756024149923
2021-02-25,-0.03482307682205064,-0.0304362811277756
2021-02-26,-0.007458090310638502,-0.002183745991668155
2021-03-02,-0.0036621402123221134,-0.004378786085551037
2021-03-03,-0.00815879546608827,-0.004479235276558071
2021-03-04,-0.019474582636400686,-0.02226495319004764
2021-03-05,0.03085892047721698,0.024419134891040042
2021-03-08,0.009187646494786084,0.008847326104539538
2021-03-09,0.0031615351008904427,0.005240051360056362
2021-03-10,0.000384190401341591,0.00403011275506669
2021-03-11,0.0038533055757803813,0.008337389432740929
2021-03-12,0.016422078252221462,0.013794803485002245
2021-03-15,0.008585660843939046,0.009972971284631323
2021-03-16,-0.020456609166268173,-0.01794676619247618
2021-03-17,0.024853976725001087,0.021935508076466142
2021-03-18,-0.023397395500173408,-0.022910792547566842
2021-03-19,-0.001793498435614767,-0.004351319649778481
2021-03-22,-0.004610326834799878,-0.0067175916765105145
2021-03-23,-0.03151874809162945,-0.03278807129672663
2021-03-24,-0.003420560926308838,0.0011647693591248897
2021-03-25,0.012500811034722616,0.013909730616129807
2021-03-26,0.02699072445046431,0.021877160490484167
2021-03-29,-0.010787593312307383,-0.011219325358120345
2021-03-30,0.013601316488911875,0.013022501269160288
2021-03-31,-0.001929518899609346,-0.001587041898180348
2021-04-05,0.009214027335168252,0.012889299506303329
2021-04-06,-0.003695609989164861,-0.0030095146611830654
2021-04-07,-0.0037459858105155083,-0.0018836334080596163
2021-04-08,-5.4869699612642917e-05,0.0005750737374744817
2021-04-09,0.006691891772827071,0.007276069755383328
2021-04-12,-0.0010234394495232026,-0.005417901489832913
2021-04-13,-0.0016148966529274935,-0.0037112842541163725
2021-04-14,0.016919586790837125,0.007123790811706808
2021-04-15,0.01094396789314308,0.0037328969062570025
2021-04-16,0.0040444800295614,0.0025861511539794564
2021-04-19,-0.004872838997853723,-0.003909612374557848
2021-04-20,-0.02130559973429743,-0.018102145854738814
2021-04-21,0.011175373487323299,0.01329026541333621
2021-04-22,-0.009640265901432759,-0.009679749535943727
2021-04-23,0.009878020251558341,0.009230574232065364
2021-04-26,0.011534406276692593,0.003849812445966207
2021-04-27,0.0031667167234364414,0.003299768971324557
2021-04-28,0.00297756059793959,0.001319870049456432
2021-04-29,-0.0037161642858212236,0.0013016410129752872
2021-04-30,-0.010855184674914501,-0.009350885876575761
2021-05-04,-0.0008408976501796694,-0.003500036825412025
2021-05-05,0.004548785525462059,0.0023844970227935875
2021-05-06,0.011693963928495497,0.006453694746246177
2021-05-07,0.009590004603473562,0.011575398421268783
2021-05-10,-0.005881811626611247,-0.007200065223426909
2021-05-11,-0.011326322957656367,-0.010818117595830855
2021-05-12,-0.02335556292863658,-0.02300609069932682
2021-05-13,0.008682209986871827,0.013599306209524346
2021-05-14,0.0061873594002096344,0.015671659715401187
2021-05-17,0.0003865508172205929,-0.003248727866484795
2021-05-18,-0.007866140611973552,-0.006707396019384787
2021-05-19,-0.010359134509293412,-0.005161948066768128
2021-05-20,0.003742591440508914,0.00755662600074965
2021-05-21,0.0026313280142923135,0.0013938038773793017
2021-05-24,0.0012788410800719887,0.008893536893723627
2021-05-25,-0.0008519828161585637,-0.0005155945757879862
2021-05-26,0.004553329243763688,0.0025747808868715415
2021-05-27,0.015805336684100856,0.0047563228375838325
2021-05-28,-0.005406454455903523,0.0005046846767188069
2021-06-02,-0.0019197208497476281,-0.0008047963963792799
2021-06-03,0.003040482468790083,0.00015506062334130492
2021-06-04,0.0015427943995815472,0.005261452349624513
2021-06-07,-0.0036004887695364265,-0.003953170162575646
2021-06-08,-0.003376133895794698,-0.0017329460372264597
2021-06-09,-0.011145769053895005,-0.005186253232699319
2021-06-10,-0.004158126319081744,-0.00012387024406457757
2021-06-11,0.004893400025729832,0.00198252506770238
2021-06-14,-0.0059200362815449905,-0.0050412407018029836
2021-06-15,0.0011058874637038696,-0.002417726048507476
2021-06-16,-0.005100976982220031,-0.007138426507479328
2021-06-17,-0.01552544049175924,-0.007166509682265848
2021-06-18,-0.01844509006602422,-0.015755269734805063
2021-06-21,0.02258619117912443,0.01701986120373872
2021-06-22,0.001966618664572508,0.00226258190229388
2021-06-23,0.0010731990138641478,-0.0013411344959164992
2021-06-24,0.010692444791812687,0.006600095018604735
2021-06-25,0.0010281884339163917,0.003344818815036676
2021-06-28,-0.0018888983566216471,-0.0023604963513488755
2021-06-29,0.002446365822615924,-0.0002774654168587843
2021-06-30,0.005783092277191694,0.0038541897444757814
2021-07-02,0.008638027168964979,0.008638027168964979
2021-07-06,-0.00295660190292523,-0.00295660190292523
2021-07-07,0.004869135647311395,0.004869135647311395
2021-07-08,-0.0052096116568515404,-0.0052096116568515404
2021-07-09,0.007418068705345613,0.007418068705345613
2021-07-12,0.0004983851019047656,0.0004983851019047656
2021-07-13,-0.0021804105518015916,-0.0021804105518015916
2021-07-14,-0.0021581944157004246,-0.0021581944157004246
2021-07-15,-0.0057892872672912245,-0.0057892872672912245
2021-07-16,-0.007328876684248378,-0.007328876684248378
2021-07-19,-0.009326127028092887,-0.009326127028092887
2021-07-20,0.010684051026160836,0.010684051026160836
2021-07-21,0.009941505548251238,0.009941505548251238
2021-07-22,0.005838620781996277,0.005838620781996277
2021-07-23,0.00905556848698889,0.00905556848698889
2021-07-26,-0.00039243082886602506,-0.00039243082886602506
2021-07-27,-0.00483778133383872,-0.00483778133383872
2021-07-28,-0.00013975493658836585,-0.00013975493658836585
2021-07-29,0.002976942411661082,0.002976942411661082
2021-07-30,-0.0077534999200876385,-0.0077534999200876385
2021-08-03,0.013088069112135114,0.010630090067152468
2021-08-04,0.005578352351685067,-0.0007906345433313179
2021-08-05,-0.0026979912918672078,0.002827688701713571
2021-08-06,-0.0030919216625444616,-0.0006229049708389075
2021-08-09,-0.005353308113680821,-0.0029866221181564234
2021-08-10,-8.923655293990493e-06,-0.001733981485795788
2021-08-11,0.003566511357169189,0.0048612431599414085
2021-08-12,0.0030833852623085357,0.0038559015745425374
2021-08-13,0.005576423776533135,0.004268622227216745
2021-08-16,0.0014463847630866947,0.0038944385383279006
2021-08-17,-0.007685213884598241,-0.0036601242372619005
2021-08-18,-0.01245614765482368,-0.012123075742085486
2021-08-19,0.00873927226388589,0.00826311301991306
2021-08-20,0.009112607243892023,0.006145166912446745
2021-08-23,0.006381004900473463,0.005656805350088889
2021-08-24,-0.0017827209376819026,7.009776131442863e-05
2021-08-25,0.0020244655482934974,0.0023151411468872265
2021-08-26,-0.019153908975719558,-0.009619818164585235
2021-08-27,0.006326226162332427,0.00681016114895568
2021-08-30,0.005570514956927397,0.006961783095685569
2021-08-31,-0.005356348962413194,-0.001943522666657353
2021-09-02,-0.00015794889618003793,0.0027304312766778163
2021-09-03,0.005142294114145818,0.002011323491236343
2021-09-07,-0.00220239032082068,-0.009835894691654
2021-09-08,-0.004974119330642468,-0.0017516723508153656
2021-09-09,-0.0035430874687103044,-0.009435137418490634
2021-09-10,-0.011315787893508133,-0.005931598190671359
2021-09-13,-0.0006066686387280035,-0.0018908322319808237
2021-09-14,-0.0003521808530546175,-0.007132923817141581
2021-09-15,0.007568964384385791,0.010264073287462398
2021-09-16,0.0003329871985102706,-0.0005610724754873786
2021-09-17,-0.01028127951068516,-0.009218097589286033
2021-09-20,-0.016946682658455448,-0.015387949248158533
2021-09-21,0.0006367042428670807,-0.0010737091201049865
2021-09-22,0.007445981250766388,0.004841037194097222
2021-09-23,0.01523391429724983,0.01180786449679511
2021-09-24,0.0062851893035899675,-0.000838628176879031
2021-09-27,-0.0069155466283429955,-0.007604406333649667
2021-09-28,-0.027614423591142773,-0.02423074263357766
2021-09-29,-0.0009740071985966823,0.001078014741257896
2021-09-30,-0.006358185540608874,-0.010507276064102343
2021-10-04,-0.010629715824739169,-0.010888725974626137
2021-10-05,0.008978674439053525,0.008587799133752828
2021-10-06,-0.004399707814862703,-0.000319381899133386
2021-10-07,0.013957721143934603,0.014054773239092164
2021-10-08,0.0021723624922286126,0.0031465947145258243
2021-10-11,-0.0025186499388396076,-0.004505453665118194
2021-10-12,-0.0005297394428054437,-0.0025705420956412895
2021-10-13,0.0014562819487732458,0.0014015339700337833
2021-10-14,0.015338901177362625,0.016257415689743693
2021-10-15,0.009210839272233633,0.006293845476723223
2021-10-18,0.00605790384765493,0.0010093187664147094
2021-10-19,0.007502157493425632,0.00630980687276209
2021-10-20,0.00631793031305247,0.005393918488522585
2021-10-21,0.008224908615448558,0.0015367860706895064
2021-10-22,0.010954393746662223,0.004762228026396236
2021-10-25,0.005089530767608166,0.0021515219907731376
2021-10-26,0.0024207829706816104,0.0004696686982797962
2021-10-27,-0.007953879930591004,-0.003603802700905661
2021-10-28,-0.001558700453936452,-0.0030671058948384053
2021-10-29,0.0020722640772187317,0.004751094062815592
2021-11-02,0.0018335975149307755,0.004242598521291065
2021-11-03,0.007809199549857488,0.004468601383740644
2021-11-04,0.009910595032081764,0.009340532339297266
2021-11-05,0.002945098904709096,-0.002004086135359367
2021-11-08,0.019317046701512266,0.008706404136133068
2021-11-09,-0.002667666802222895,-0.000300436920334977
2021-11-10,-0.02484291570985461,-0.01565697017675519
2021-11-11,0.007868378103322103,0.003958795295384461
2021-11-12,0.006395951236323336,0.008082966782162445
2021-11-15,0.0038046688734471095,-0.0017211027105441925
2021-11-16,0.013078017961748185,0.00796084112158264
2021-11-17,-0.008857802743982157,-0.006709627009483442
2021-11-18,0.007544196182440956,0.0037207810605985104
2021-11-19,-0.010172235540237865,-0.0019727528892811864
2021-11-22,0.009227782286274907,-0.0019686397106937334
2021-11-23,0.003849285511527754,0.0043185379072506296
2021-11-24,0.011446824438365007,0.0004928333696273475
2021-11-26,-0.026642438230448273,-0.02116625322780609
2021-11-29,0.016397336348847897,0.017850718123679672
2021-11-30,-0.02144685426720628,-0.02203163588354438
2021-12-02,0.007935144401894053,0.01714924862932747
2021-12-03,-0.004430535291348818,-0.00490731813444644
2021-12-06,-0.002831982020072214,0.005128200008553444
2021-12-07,0.02114091859063212,0.016408154240016397
2021-12-08,-0.0010323645905808703,-0.00018839504470690528
2021-12-09,-0.008709668956047722,-0.008800458237229872
2021-12-10,0.011012516073290094,0.008842724459955997
2021-12-13,-0.0015253339151695242,-0.008605270896058581
2021-12-14,-0.006929595547486701,-0.0038079296658868338
2021-12-15,0.028349250630820434,0.015514411164466588
2021-12-16,-0.007464200492876631,-0.003721281805984692
2021-12-17,-0.008070799591721634,-0.004948435368874267
2021-12-20,-0.004992317064955224,-0.00979542126683059
2021-12-21,0.014897403131264166,0.01399822973138482
2021-12-22,0.0061067845594303715,0.009212293774380684
2021-12-23,0.006692811707343245,0.010833834212398911
2021-12-27,0.015035476431019022,0.012465691129068042
2021-12-28,-0.001269304027083418,0.0003964395811526525
2021-12-29,-0.001752109016910091,0.0030849851834907844
2021-12-30,-0.002247651758980619,-0.004365695882413127
2021-12-31,-0.003040374374145066,-0.0023699594108872162
2022-01-04,0.0027901911972504786,0.0027901911972504786
2022-01-05,-0.016241348807326014,-0.016241348807326014
2022-01-06,-0.011016120395670377,-0.011016120395670377
2022-01-07,-0.0051600398700530105,-0.0051600398700530105
2022-01-10,0.00018942788543552938,0.00018942788543552938
2022-01-11,0.008059411084544754,0.008059411084544754
2022-01-12,0.005266621058551617,0.005266621058551617
2022-01-13,-0.013360518456387919,-0.013360518456387919
2022-01-14,0.0009638062911025378,0.0009638062911025378
2022-01-18,-0.018849366259323274,-0.018849366259323274
2022-01-19,-0.015932676466671417,-0.015932676466671417
2022-01-20,-0.014583650085980683,-0.014583650085980683
2022-01-21,-0.01787050915533923,-0.01787050915533923
2022-01-24,0.002765344482585226,0.002765344482585226
2022-01-25,-0.009449013016066366,-0.009449013016066366
2022-01-26,-0.006837730909145822,-0.006837730909145822
2022-01-27,-0.009884370581439657,-0.009884370581439657
2022-01-28,0.017587188749397988,0.017587188749397988
2022-01-31,0.019033129062050118,0.019033129062050118
2022-02-02,-0.0049421042471675105,0.004566930123049484
2022-02-03,-0.02049070892744654,-0.018935498398938797
2022-02-04,0.023748927530585256,0.005153774358685314
2022-02-07,0.0036954992024150054,0.0010188195950644689
2022-02-08,0.00868707599250888,0.009016392036190356
2022-02-09,0.012585148123237518,0.020402617342880014
2022-02-10,-0.01437737968128754,-0.015599266821288019
2022-02-11,-0.015345601193012197,-0.0223403619403896
2022-02-14,-0.0021701336176001714,-0.0031584651989033266
2022-02-15,0.01586064984750327,0.020416325103227995
2022-02-16,0.002387375762116175,0.001222970035133164
2022-02-17,-0.023420007245878987,-0.024818327765772568
2022-02-18,-0.007954024012192548,-0.00886674478674393
2022-02-22,-0.015267122428991104,-0.01579507977499387
2022-02-23,-0.017793149773009276,-0.01854569908178123
2022-02-24,0.01641374769316411,0.012756952861739015
2022-02-25,0.026916467024186718,0.022801452388065847
2022-02-28,0.0034083731913623996,-0.0021696271876145757
2022-03-02,0.005009294243343009,0.017994833719499743
2022-03-03,-0.010792026915206455,-0.01001212478372229
2022-03-04,-0.001739804270936041,-0.013021615390559741
2022-03-07,-0.024710932518054566,-0.03923216646128639
2022-03-08,-0.008268321801860818,0.0011822710889155027
2022-03-09,0.021831417475181324,0.02571874862998889
2022-03-10,0.005489249839820117,0.0011031251181621174
2022-03-11,-0.011269905682742344,-0.007658318584492445
2022-03-14,-0.001888478732870672,-0.0039445542208104865
2022-03-15,0.010787358787066062,0.01734000541051466
2022-03-16,0.004663513744016889,0.02178429617069898
2022-03-17,0.020166582269655814,0.012754304765259334
2022-03-18,0.014849149109854997,0.009610278858169318
2022-03-21,0.0038646433056940105,-0.0033334788388497297
2022-03-22,0.008080604488398814,0.009451487196331779
2022-03-23,-0.019093329751073227,-0.015842346248345764
2022-03-24,0.010126939036229134,0.014288407577601425
2022-03-25,0.0032080836443940594,0.0020373048018199986
2022-03-28,0.005446305594124545,0.002873616426668251
2022-03-29,0.007389540028961528,0.015878418828291975
2022-03-30,-0.0027259969673521997,-0.0071928744591955845
2022-03-31,-0.015442731813319724,-0.015552681480394414
2022-04-04,0.007495435231589661,0.007495435231589661
2022-04-05,-0.02790599609208175,-0.02790599609208175
2022-04-06,-0.01852525732685533,-0.01852525732685533
2022-04-07,0.003082269979166237,0.003082269979166237
2022-04-08,0.004238928572391708,0.004238928572391708
2022-04-11,-0.013471388763347747,-0.013471388763347747
2022-04-12,0.00550857965500441,0.00550857965500441
2022-04-13,0.022801987507734302,0.022801987507734302
2022-04-14,-0.002372027495535519,-0.002372027495535519
2022-04-18,0.007643758242647871,0.007643758242647871
2022-04-19,0.012523504215667107,0.012523504215667107
2022-04-20,-0.0014568921022942842,-0.0014568921022942842
2022-04-21,-0.023730351497449648,-0.023730351497449648
2022-04-22,-0.024266152297832168,-0.024266152297832168
2022-04-25,-0.005560224286816585,-0.005560224286816585
2022-04-26,-0.030430030936286843,-0.030430030936286843
2022-04-27,0.005573826258437991,0.005573826258437991
2022-04-28,0.016349646223365405,0.016349646223365405
2022-04-29,-0.03367381471724778,-0.03367381471724778
2022-05-03,0.004728535237232489,0.003163177103748047
2022-05-04,0.025237105565066184,0.027979545072760806
2022-05-05,-0.020909882809122197,-0.02443042620752843
2022-05-06,0.0019115400111821773,-0.0014870824932184618
2022-05-09,-0.054737575868501996,-0.03954734471780532
2022-05-10,-0.0026008299750422898,0.003092285480517596
2022-05-11,-0.008829701610095837,-0.0077547916396896385
2022-05-12,0.003687901594649712,0.0008493317559578294
2022-05-13,0.02715994734354173,0.01906535881633897
2022-05-16,-0.000543803887892511,0.0028108088824088436
2022-05-17,0.01977795596485023,0.01869415502550337
2022-05-18,-0.04372522030391344,-0.04351976328270094
2022-05-19,0.0001472617578287906,-0.005803338996410192
2022-05-20,-0.008108245660553688,-0.004039736490513601
2022-05-23,0.01403979002900157,0.01730293364772966
2022-05-24,-0.010795604861212367,-0.0030921535148356488
2022-05-25,0.014586931019921623,0.012501934972510462
2022-05-26,0.03301136786569375,0.02204149982743485
2022-05-27,0.026449340031754764,0.020382801795322324
2022-05-31,-0.011683242642780582,-0.01130712190957371
2022-06-02,0.009433247123648281,0.007188186813868556
2022-06-03,0.002929527070106276,-0.003409845207728542
2022-06-06,0.0019630845252867958,0.002195435152111988
2022-06-07,0.01675201312866679,0.013150887404351762
2022-06-08,-0.006294575154173332,-0.005426447101128899
2022-06-09,-0.022647975042820696,-0.019064276098788482
2022-06-10,-0.020381273270619317,-0.01890039116177458
2022-06-13,-0.04340856041438412,-0.0340675333987413
2022-06-14,-0.006342469135457975,-0.005066830430702945
2022-06-15,-0.009086413849840949,0.002559132537586977
2022-06-16,-0.038492839574999896,-0.028400032711987468
2022-06-17,-0.02356056486813811,-0.008254609151237312
2022-06-21,0.02970492153447748,0.028201918294499424
2022-06-22,-0.017137244117188068,-0.005371283050127087
2022-06-23,-0.00931246373939918,0.0016609920863706457
2022-06-24,0.01829069261610794,0.021120785284001582
2022-06-27,0.007115124718676349,0.004070838396433601
2022-06-28,8.94734365199058e-05,-0.009634144531879442
2022-06-29,-0.011467680625477383,-0.003190294294724805
2022-06-30,-0.01073263478307145,-0.008478641365710998
2022-07-05,-0.01736895105317009,-0.013635244017705436
2022-07-06,-0.0071022672447586515,0.0014379826604597864
2022-07-07,0.023301039261477693,0.010677152906370222
2022-07-08,-0.0035349747825345664,0.0015459603892212174
2022-07-11,-0.008648068571725393,-0.004361134764320116
2022-07-12,-0.021080296886261583,-0.01263888024315536
2022-07-13,-0.008177011336668523,-0.006795313666166356
2022-07-14,-0.01144657482365471,-0.005759669495700439
2022-07-15,0.021202210132380904,0.01956451155782872
2022-07-18,0.001750986849409981,-0.008913804747447929
2022-07-19,0.028584294062526657,0.019222511705395184
2022-07-20,0.0037264419388946656,-0.009651337573183252
2022-07-21,0.0037166641047971056,0.0012702404046890914
2022-07-22,-0.0025535882047887557,-3.405445204193597e-05
2022-07-25,0.018032547788076267,0.010793767479476959
2022-07-26,-0.009026040606890587,-0.0030228832342056233
2022-07-27,0.013504142918115383,0.01021680421165032
2022-07-28,0.004045564171569675,0.005951998991454455
2022-07-29,0.02610346589301037,0.010243361216671866
2022-08-02,-0.002605597853414876,-0.005321681887463541
2022-08-03,-0.008966025191638315,0.006729943374483091
2022-08-04,-0.01597824549834153,-0.004372077935962897
2022-08-05,0.008911339740412184,0.0033435207405604597
2022-08-08,-0.00042878739689040674,0.0014318750771453567
2022-08-09,0.008234368053678278,0.002704914448789771
2022-08-10,0.012863229262393805,0.013245566910503685
2022-08-11,0.012906476109836218,0.0018987396659349775
2022-08-12,0.010300559237847652,0.01275320889793151
2022-08-15,-0.005722438412436002,0.001933018239300055
2022-08-16,0.004336769393490859,0.0038869455585984355
2022-08-17,-0.004143810600997001,-0.003544495320894043
2022-08-18,0.013198551618023392,0.006157212009137218
2022-08-19,0.0024513117703044442,-0.003012943356764589
2022-08-22,-0.015434161702655347,-0.01652348453366116
2022-08-23,0.02054926821502599,-0.000357126533508366
2022-08-24,0.006405724153055603,0.001279088241201005
2022-08-25,0.008989877909237089,0.008746369092526868
2022-08-26,-0.015902068769799806,-0.025758336956741398
2022-08-29,0.005389866500500952,-0.0016275175493430476
2022-08-30,-0.025602886207564967,-0.013310597681935633
2022-08-31,-0.009382567652075036,-0.006587505947599515
2022-09-02,0.0032708806283670185,-0.008486395619488924
2022-09-06,-0.009766719402133334,-0.003945507964173256
2022-09-07,-0.0008424654937112508,0.01159651007289494
2022-09-08,0.00858267563944697,0.007668879142913885
2022-09-09,0.01875897322280167,0.01232265576927427
2022-09-12,0.014481543696538516,0.009947891802650084
2022-09-13,-0.03251447172222255,-0.03693824614138137
2022-09-14,0.013940100202453799,0.002586829141345846
2022-09-15,-0.015247023673174874,-0.006296604317586701
2022-09-16,-0.03707138011952249,-0.009534689938067865
2022-09-19,0.008892079985489094,0.0019519047176700412
2022-09-20,-0.007517055867659248,-0.01190632180901225
2022-09-21,-0.021500943242457857,-0.01780389855352465
2022-09-22,0.0004724865577722891,-0.0008627720603860724
2022-09-23,-0.03835720658531354,-0.020125305809021846
2022-09-26,-0.01864887249411995,-0.011599175501233903
2022-09-27,0.006798485696013675,0.00022808083466068125
2022-09-28,0.03333222552804882,0.03043346577351107
2022-09-29,-0.0058214958942000225,-0.011859027282684311
2022-09-30,-0.011268023958031911,-0.012999128408757275
2022-10-04,0.02123305910496776,0.02720400347121882
2022-10-05,-0.0023687625011912837,-0.001164887147975754
2022-10-06,-0.011994076686125706,-0.012511455076066673
2022-10-07,-0.015771039843530725,-0.02398804758754762
2022-10-10,-0.0070123842758221516,-0.0076455351329163266
2022-10-11,0.00491484980558853,-0.0011104042197538255
2022-10-12,-0.0033903380561938,-0.004053500387619234
2022-10-13,0.021476800128183732,0.0260492779189097
2022-10-14,-0.014660228895686436,-0.016254970889986904
2022-10-17,0.013680132552843057,0.02003093421452369
2022-10-18,0.009381044233524316,0.011480279020744114
2022-10-19,-0.009147771500046465,-0.007796058716352962
2022-10-20,-0.01116172252393136,-0.0065344455883866405
2022-10-21,0.015628252371822388,0.020826740992227852
2022-10-24,0.013766894086394092,0.015823537336002787
2022-10-25,0.013238946584244965,0.015342522884931034
2022-10-26,0.003028832642354561,-0.0002215754286016945
2022-10-27,0.0053336784897725035,0.00014537147118060743
2022-10-28,0.024979878548025858,0.027060088872238708
2022-10-31,-0.005879483489866939,-0.0070717564056663115
2022-11-02,-0.0209295299631856,-0.01668516923762492
2022-11-03,-0.007857275361856597,-0.0026601811471026054
2022-11-04,0.013518017048402857,0.00872676585964391
2022-11-07,0.010504965437673574,0.011583052878325324
2022-11-08,0.00613542627957625,0.005919835235327969
2022-11-09,-0.0153878093589311,-0.015659991807442403
2022-11-10,0.049989270272245666,0.03568362746089132
2022-11-11,0.00738918428887032,-0.005755669298121152
2022-11-14,-0.009639902650739527,-0.0026773990235040243
2022-11-15,0.005806903819830596,0.004253747340868357
2022-11-16,-0.005113080222657502,-0.0052822648948559064
2022-11-17,-0.0019176084243475785,0.0008849618599558282
2022-11-18,0.005247471411881059,0.008144182539035212
2022-11-21,-0.0016700335112704852,0.00010381025488565782
2022-11-22,0.010434889643776969,0.012603971328202106
2022-11-23,0.005320988141611709,0.0010060109298979695
2022-11-25,3.9279517974234604e-05,0.004056520209068497
2022-11-28,-0.011854704424672294,-0.01468469287716676
2022-11-29,-0.0005822309364762991,0.002009415111552862
2022-11-30,0.022897528851409527,0.02031396505966752
2022-12-02,-0.0029524523036585527,-0.001990233893209983
2022-12-05,-0.01806918257914453,-0.017433324530605865
2022-12-06,-0.01626821302665104,-0.01578437500117298
2022-12-07,0.00010168811060645656,-0.0037323805379236388
2022-12-08,0.006583891420590751,0.006929864312751029
2022-12-09,-0.001522064990881289,-0.005519852824969678
2022-12-12,0.014533062890788945,0.014944602639696684
2022-12-13,0.004738999883712787,0.0030761298800039464
2022-12-14,-0.018556597165223045,-0.009551274026282322
2022-12-15,-0.02544120314821971,-0.027626732336241237
2022-12-16,-0.013509740078825926,-0.011839561674980159
2022-12-19,-0.009711009505104633,-0.011433910161246898
2022-12-20,-0.003792601349026095,-3.778464075879421e-05
2022-12-21,0.01643593825226683,0.01413020691068528
2022-12-22,-0.003370292195799645,-0.012704306204852718
2022-12-23,0.0053481902813159905,0.005376030489521476
2022-12-27,-0.0016924365855159637,-0.0034278317667827975
2022-12-28,-0.00981935509259402,-0.011451882503945176
2022-12-29,0.019928220546980603,0.018822453815427277
2022-12-30,-0.006640916234251374,-0.002545313615955411
2023-01-04,0.009786973417934204,0.009263129524354749
2023-01-05,-0.009417398009885265,-0.006418092984021024
2023-01-06,0.021672684371460322,0.020782747531126522
2023-01-09,-0.0013913558029968532,-0.005652545340134694
2023-01-10,0.012746676523475643,0.008766889753673911
2023-01-11,0.004191758723254292,0.006282692057237303
2023-01-12,0.006204807231808268,0.0027111394536805987
2023-01-13,0.00585953695122766,0.003840818169957054
2023-01-17,-0.0016985248212504059,-0.005998297714429284
2023-01-18,-0.017078922072391395,-0.015801294500041047
2023-01-19,-0.00917391563368203,-0.005542992542813946
2023-01-20,0.012592545172535134,0.009701823081534253
2023-01-23,0.005018525990105686,0.00511556216926339
2023-01-24,0.0025425262877793713,-0.0004040392065332126
2023-01-25,-0.0013979938139836413,0.0017054966687948465
2023-01-26,0.010739782950244015,0.00402346243473916
2023-01-27,-0.0067240056383811,-0.0035102731621782573
2023-01-30,-0.009780175085724626,-0.007128821795334169
2023-01-31,0.007068360558705645,0.010921398456825047
2023-02-02,0.006888153704308309,-0.002280634357200265
2023-02-03,-0.004414982778167742,-0.007014111824428908
2023-02-06,-0.005410164743867663,-0.0021461496293477002
2023-02-07,0.010301225649576208,0.01002247111646969
2023-02-08,-0.017239592844467477,-0.008356096310187482
2023-02-09,-0.01089748888272042,-0.007198656639436779
2023-02-10,0.003097225768665579,0.004791730793750455
2023-02-13,0.010903469729587289,0.008897161109315148
2023-02-14,-0.00200695291975439,-0.003964370237207043
2023-02-15,0.006945676294895176,0.00145106557021746
2023-02-16,-0.01488270767654023,-0.010140882086427008
2023-02-17,-0.006346556281313998,0.0022246258747034594
2023-02-21,-0.020113471093065452,-0.018195260011610686
2023-02-22,-0.005329098818217482,-0.003757147200676633
2023-02-23,0.0017517948400023187,0.0021875011952202897
2023-02-24,-0.00988537821364548,-0.009685975875578925
2023-02-27,0.0064780896925058515,0.0034816813545309345
2023-02-28,-0.007017078429369716,-0.0035604761212763756
2023-03-02,0.007629990616856088,0.005904172805747673
2023-03-03,0.008738900363629669,0.01099785801340588
2023-03-06,0.001308164741826108,-1.904260010608769e-05
2023-03-07,-0.012956660404247198,-0.01566101556884241
2023-03-08,0.0010525350028638795,-0.00017549068528610254
2023-03-09,-0.009969673801525365,-0.013898171334094959
2023-03-10,-0.007694934488890835,-0.007033453043695013
2023-03-13,0.008469658687111194,0.0036128364175693766
2023-03-14,0.005998298621247717,0.007527015958724765
2023-03-15,0.005036445412702781,-0.003924156597891226
2023-03-16,0.009193122729107666,0.010623894159516593
2023-03-17,-0.011455015276724902,-0.012128560610360483
2023-03-20,0.008151322102654323,0.012148821033774482
2023-03-21,0.005804789339294009,0.006692417716230522
2023-03-22,-0.012867872615874233,-0.016790480262802415
2023-03-23,0.0006395057379358299,-0.0003897483820734721
2023-03-24,0.011888509857149968,0.011469623397016323
2023-03-27,0.0006944457001965909,0.002528578586342383
2023-03-28,-0.003652842832395091,-0.0017451330429194812
2023-03-29,0.008149852646295258,0.008607806220797976
2023-03-30,0.0064382858360789086,0.004311945436905123
2023-03-31,0.011876979152535584,0.012255155718738512
2023-04-04,-0.004301380345435025,-0.004301380345435025
2023-04-05,0.004962025407921284,0.004962025407921284
2023-04-06,0.0007270689279407698,0.0007270689279407698
2023-04-10,0.002383910405016515,0.002383910405016515
2023-04-11,0.0035013318080251345,0.0035013318080251345
2023-04-12,-0.002701440805993492,-0.002701440805993492
2023-04-13,0.010071901787373843,0.010071901787373843
2023-04-14,-0.003661133391418435,-0.003661133391418435
2023-04-17,0.0032328855130465675,0.0032328855130465675
2023-04-18,0.00013778264360737776,0.00013778264360737776
2023-04-19,-0.002026114436959018,-0.002026114436959018
2023-04-20,-0.0027150206569558095,-0.0027150206569558095
2023-04-21,-0.00029805685914649727,-0.00029805685914649727
2023-04-24,0.003443306218131763,0.003443306218131763
2023-04-25,-0.00953872972736995,-0.00953872972736995
2023-04-26,-0.009198993645496669,-0.009198993645496669
2023-04-27,0.012792755195914168,0.012792755195914168
2023-04-28,0.008778970364141313,0.008778970364141313
2023-05-02,-0.015042049030042122,-0.015042049030042122
2023-05-03,-0.01454523826818084,-0.01454523826818084
2023-05-04,-0.009435156888850564,-0.009435156888850564
2023-05-05,0.019321831405595048,0.019321831405595048
2023-05-08,0.0008626238600756592,0.0008626238600756592
2023-05-09,-0.001853991282052036,-0.001853991282052036
2023-05-10,0.0019517388392553345,0.0019517388392553345
2023-05-11,-0.0036264954175807855,-0.0036264954175807855
2023-05-12,-0.0002649266260504106,-0.0002649266260504106
2023-05-15,0.004999566633582085,0.004999566633582085
2023-05-16,-0.010570267236722067,-0.010570267236722067
2023-05-17,0.017314496070550054,0.017314496070550054
2023-05-18,0.0061485940928160225,0.0061485940928160225
2023-05-19,-0.0023662841979965733,-0.0023662841979965733
2023-05-22,0.002521524546948452,0.002521524546948452
2023-05-23,-0.006589317933837691,-0.006589317933837691
2023-05-24,-0.009748588599865503,-0.009748588599865503
2023-05-25,0.005246124457361055,0.005246124457361055
2023-05-26,0.012576012538195486,0.012576012538195486
2023-05-30,-0.0031856680948054044,-0.0031856680948054044
2023-05-31,-0.006910315304434669,-0.006910315304434669
2023-06-02,0.01697767784304463,0.01697767784304463
2023-06-05,-0.0022489578248138568,-0.0022489578248138568
2023-06-06,-0.0035084301934388464,-0.0035084301934388464
2023-06-07,0.0054985134500358905,0.0054985134500358905
2023-06-08,0.004217487478966899,0.004217487478966899
2023-06-09,-0.0004066227418092549,-0.0004066227418092549
2023-06-12,0.004144740944900118,0.004144740944900118
2023-06-13,0.006297391926027107,0.006297391926027107
2023-06-14,-0.006523051802635859,-0.006523051802635859
2023-06-15,0.014137869278571155,0.014137869278571155
2023-06-16,-0.0017852948544797905,-0.0017852948544797905
2023-06-20,-0.009041829763746468,-0.009041829763746468
2023-06-21,-0.0011990089983771044,-0.0011990089983771044
2023-06-22,0.0011740499385025055,0.0011740499385025055
2023-06-23,-0.006924742858773367,-0.006924742858773367
2023-06-26,0.0013910418101294487,0.0013910418101294487
2023-06-27,0.005826947781245124,0.005826947781245124
2023-06-28,-0.0017391381489265994,-0.0017391381489265994
2023-06-29,0.006017601362177158,0.006017601362177158
2023-06-30,0.00773243336513756,0.00773243336513756
2023-07-05,-0.0046292959822266475,-0.0046292959822266475
2023-07-06,-0.01617186731038034,-0.01617186731038034
2023-07-07,0.004638349447687003,0.004638349447687003
2023-07-10,0.01097342733694088,0.01097342733694088
2023-07-11,0.0035919478802420115,0.0035919478802420115
2023-07-12,0.0014690242295284004,0.0014690242295284004
2023-07-13,0.009670403411675244,0.009670403411675244
2023-07-14,-0.008582782537481274,-0.008582782537481274
2023-07-17,0.010272967647914744,0.010272967647914744
2023-07-18,0.006838251490412912,0.006838251490412912
2023-07-19,-0.0026743163550762743,-0.0026743163550762743
2023-07-20,-0.022268960438336368,-0.022268960438336368
2023-07-21,0.005503063962306376,0.005503063962306376
2023-07-24,0.0052818085233506205,0.0052818085233506205
2023-07-25,0.00725760356377895,0.00725760356377895
2023-07-26,-0.011085280045434704,-0.011085280045434704
2023-07-27,0.013254123063553705,0.013254123063553705
2023-07-28,0.014312256220179839,0.014312256220179839
2023-07-31,0.009358654845650126,0.009358654845650126
2023-08-02,-0.009214593073729772,-0.009214593073729772
2023-08-03,-0.005948595005729418,-0.005948595005729418
2023-08-04,-0.005643914012143065,-0.005643914012143065
2023-08-07,0.011796511106358171,0.011796511106358171
2023-08-08,-0.0036890524736486606,-0.0036890524736486606
2023-08-09,-0.0038669319308781815,-0.0038669319308781815
2023-08-10,0.0004559834588199139,0.0004559834588199139
2023-08-11,0.003942337740359091,0.003942337740359091
2023-08-14,0.00033771538317240465,0.00033771538317240465
2023-08-15,-0.01176432969606444,-0.01176432969606444
2023-08-16,-0.006909561266753629,-0.006909561266753629
2023-08-17,-0.006564054362828557,-0.006564054362828557
2023-08-18,-0.0017863944417904534,-0.0017863944417904534
2023-08-21,-3.9850221308158126e-05,-3.9850221308158126e-05
2023-08-22,-0.006159637118813264,-0.006159637118813264
2023-08-23,0.007100374647358401,0.007100374647358401
2023-08-24,-0.006100818810429969,-0.006100818810429969
2023-08-25,0.008021928936312022,0.008021928936312022
2023-08-28,0.006474797808811082,0.006474797808811082
2023-08-29,0.00909544936730772,0.00909544936730772
2023-08-30,0.002585693224742172,0.002585693224742172
2023-08-31,-0.003958279843758048,-0.003958279843758048
2023-09-05,-0.006892947282536364,-0.006892947282536364
2023-09-06,-0.0048370368891468675,-0.0048370368891468675
2023-09-07,-0.00048619298114420064,-0.00048619298114420064
2023-09-08,5.321642562108399e-05,5.321642562108399e-05
2023-09-11,0.0032975690934427975,0.0032975690934427975
2023-09-12,-0.004060173559303387,-0.004060173559303387
2023-09-13,-3.9127196253590954e-05,-3.9127196253590954e-05
2023-09-14,0.007696385014276669,0.007696385014276669
2023-09-15,-0.009332536249133737,-0.009332536249133737
2023-09-18,0.0019795037918485287,0.0019795037918485287
2023-09-19,-0.0021838754368753294,-0.0021838754368753294
2023-09-20,0.0017231102433992247,0.0017231102433992247
2023-09-21,-0.009813717251627458,-0.009813717251627458
2023-09-22,-0.0022586349117450118,-0.0022586349117450118
2023-09-25,0.004205689491774393,0.004205689491774393
2023-09-26,-0.011915565640129506,-0.011915565640129506
2023-09-27,0.00037624188527473777,0.00037624188527473777
2023-09-28,0.0034217863719935484,0.0034217863719935484
2023-09-29,-0.007330591489391609,-0.007330591489391609
